Stage,Item,Inventory Selection,Location,Amount,Unit,Database,UUID,Brightway Match Code,Brightway Match Name,Material Group,Tally Material Group,Life Cycle Stage,Description
A1-A3,Acoustic ceiling tile fiber,,United States,6082.363261,kg,ecoinvent-3.12-cutoff,d1120c60-447d-5273-a122-f686aed379d2,94d28cb7518244233ce4c524f4ed31b9,Acoustic ceiling tile fiber,Acoustic ceilings,Ceiling tile,A1-A3,"Fiber-based acoustic ceiling tiles. Various thicknesses, compositions, finishes, and NRC/CAC ratings | Embodied materials from Building 59 full_lca dataset; no operational energy/power exchanges. Source stage: A1-A3."
A1-A3,Suspension assembly,,United States,1292.646461,kg,ecoinvent-3.12-cutoff,bb1c5a4a-cd4e-5c70-af1b-a0304abf2c08,d6418d3ed7ed3b7e7f5f809823204e52,Suspension assembly,Acoustic ceilings,Ceiling tile,A1-A3,"Steel suspension assemblies for acoustic ceiling tiles. Typically includes tracks, grids, and profile assemblies without associated hangers or hardware. Galvanized or ungalvanized and various finishes.  | Embodied materials from Building 59 full_lca dataset; no operational energy/power exchanges. Source stage: A1-A3."
A1-A3,Adhesives and sealants,,United States,733.755125,kg,ecoinvent-3.12-cutoff,d47a6abc-9b2b-575d-ab24-a12c0998823c,a4ec8071e006ee25b9f8e9082cb09dc3,Adhesives and sealants,Adhesives and sealants,Adhesive / Sealant,A1-A3,Various adhesives and sealants | Embodied materials from Building 59 full_lca dataset; no operational energy/power exchanges. Source stage: A1-A3.
A1-A3,Air and vapor barriers,,United States,559.08795,kg,ecoinvent-3.12-cutoff,3f5baa5a-ec24-502c-b975-1e52e4b40bcd,ec2c8a687ca0a75644b4b09569b99d87,Air and vapor barriers,Air and vapor barriers,Vapor barrier,A1-A3,Various air and vapor barriers | Embodied materials from Building 59 full_lca dataset; no operational energy/power exchanges. Source stage: A1-A3.
A1-A3,Extrusion,,United States,3102.103489,kg,ecoinvent-3.12-cutoff,96eaf873-f584-5c5e-b22d-ef0ca217a0e0,0f4a29836737c959f23373b5dc59d6d9,Extrusion,Aluminum,Metal,A1-A3,"Standard and/or thermally improved aluminum extrusions for various applications. Inclusive of finish where applicable (mill, painted, anodized, etc.). May include manufacturing inputs to storefront/curtain wall systems listed in Windows and frames.  | Embodied materials from Building 59 full_lca dataset; no operational energy/power exchanges. Source stage: A1-A3."
A1-A3,Roll formed metal panel steel,,United States,3578.088752,kg,ecoinvent-3.12-cutoff,e5840678-4984-552e-94b7-a88a9fb3fe3a,9f0b0e654079fbac0e2c476547c62d6e,Roll formed metal panel steel,Cladding,Metal,A1-A3,Roll-formed steel cladding panel such as standing seam or box rib; Various thickness and coatings | Embodied materials from Building 59 full_lca dataset; no operational energy/power exchanges. Source stage: A1-A3.
A1-A3,Stucco finish,,United States,1859.292822,kg,ecoinvent-3.12-cutoff,f1a3ac15-707b-56de-ba27-349751e98e8f,62b61f40fecd0b445617b16f24cd6be5,Stucco finish,Cladding,Wall coverings,A1-A3,Portland cement based or synthetic stucco. Excludes insulation for EIFS systems.  | Embodied materials from Building 59 full_lca dataset; no operational energy/power exchanges. Source stage: A1-A3.
A1-A3,Coatings - other,,United States,161.879601,kg,ecoinvent-3.12-cutoff,45d1ec9e-a077-5ad2-b728-546abfd27ebf,1a837ee3849f066588a38aba19d15a60,Coatings - other,Coatings,Metal Coating,A1-A3,All other coatings for various surfaces and functions that could not be classified with a mat_type | Embodied materials from Building 59 full_lca dataset; no operational energy/power exchanges. Source stage: A1-A3.
A1-A3,Paint,,United States,311.411762,kg,ecoinvent-3.12-cutoff,923b8530-4694-5275-b881-1955609b4a6d,b3252a77c4dce9e3f8fedbde431c7b81,Paint,Coatings,Coating,A1-A3,Interior and exterior paints for surface decoration and/or protection. Various applications and chemical compositions.   | Embodied materials from Building 59 full_lca dataset; no operational energy/power exchanges. Source stage: A1-A3.
A1-A3,GFRC general,,United States,1755.106044,kg,ecoinvent-3.12-cutoff,73e7c2e6-65a9-5dfd-a8b2-e3c93ea2add7,f40a6d016d02c4406339fb51095c11d2,GFRC general,Concrete,Concrete,A1-A3,"General glass fiber reinforced concrete products. Various shapes, sizes, strengths, applications, and finishes. Excludes GFRC cladding panels which are reported separately.  | Embodied materials from Building 59 full_lca dataset; no operational energy/power exchanges. Source stage: A1-A3."
A1-A3,Precast,,United States,424436.741822,kg,ecoinvent-3.12-cutoff,478a73f8-c4ab-5c94-837d-57d844563fe5,9d5f671f91d687a958b4a1943aa3d3b9,Precast,Concrete,Concrete,A1-A3,"Precast concrete products. Various strengths, mix designs, and applications. May contain reinforcing when LCA modeler selected an EPD that reflects multiple materials.  | Embodied materials from Building 59 full_lca dataset; no operational energy/power exchanges. Source stage: A1-A3."
A1-A3,Ready mix NW 3000,,United States,1036903.25195,kg,ecoinvent-3.12-cutoff,d115b686-cb53-5f5d-9f68-2817bf2cc832,ff1cf2621f46e527d86a91f791410eff,Ready mix NW 3000,Concrete,Concrete,A1-A3,Normal weight ready mix concrete. 3000 PSI. Exclusive of reinforcing. | Embodied materials from Building 59 full_lca dataset; no operational energy/power exchanges. Source stage: A1-A3.
A1-A3,Aluminum door,,United States,178.901458,kg,ecoinvent-3.12-cutoff,c92a8eea-d9e7-5c08-9b26-90560f7a1bc0,6f5cf8c1a9792d83c896986c05a1560d,Aluminum door,Doors and frames,Door,A1-A3,"Aluminum doors mainly for exterior applications of various sizes, cores, insulating properties, and finishes.  | Embodied materials from Building 59 full_lca dataset; no operational energy/power exchanges. Source stage: A1-A3."
A1-A3,Aluminum door frame,,United States,97.725595,kg,ecoinvent-3.12-cutoff,0d947fa3-d6fb-5ed8-afe0-665245c6a644,6f5cf8c1a9792d83c896986c05a1560d,Aluminum door frame,Doors and frames,Door frame,A1-A3,Aluminum door frames. Various. | Embodied materials from Building 59 full_lca dataset; no operational energy/power exchanges. Source stage: A1-A3.
A1-A3,Doors and frames - other,,United States,167.225472,kg,ecoinvent-3.12-cutoff,266b7f37-b2bf-5e97-abf9-54028d40d7f3,6075bf87888355533444f10c70614b2e,Doors and frames - other,Doors and frames,Glazing,A1-A3,"Other doors and frames or associated components/materials such as hardware, finishes, and specialties that could not be classified with mat_type  | Embodied materials from Building 59 full_lca dataset; no operational energy/power exchanges. Source stage: A1-A3."
A1-A3,Doors and frames - other,,United States,436.05436,kg,ecoinvent-3.12-cutoff,576e330b-0700-59eb-bdee-d05e264b3bc9,6075bf87888355533444f10c70614b2e,Doors and frames - other,Doors and frames,Opening hardware,A1-A3,"Other doors and frames or associated components/materials such as hardware, finishes, and specialties that could not be classified with mat_type  | Embodied materials from Building 59 full_lca dataset; no operational energy/power exchanges. Source stage: A1-A3."
A1-A3,Steel door,,United States,746.735126,kg,ecoinvent-3.12-cutoff,25e1bbda-5bd1-50f2-92ea-9e3acc1a8db2,9f0b0e654079fbac0e2c476547c62d6e,Steel door,Doors and frames,Door,A1-A3,"Steel doors, interior or exterior applications. Various sizes, cores, gauges, and finishes.  | Embodied materials from Building 59 full_lca dataset; no operational energy/power exchanges. Source stage: A1-A3."
A1-A3,Steel door frame,,United States,75.410934,kg,ecoinvent-3.12-cutoff,4565be84-1e3e-532e-8196-5508520cbf55,9f0b0e654079fbac0e2c476547c62d6e,Steel door frame,Doors and frames,Door frame,A1-A3,Steel door frames. Various | Embodied materials from Building 59 full_lca dataset; no operational energy/power exchanges. Source stage: A1-A3.
A1-A3,Wood or composite door,,United States,820.61441,kg,ecoinvent-3.12-cutoff,91bfcf3d-875b-50c1-a774-211b004554c5,b9788e7d42c3eb3c6a0cc42c9c8fab6a,Wood or composite door,Doors and frames,Door,A1-A3,"Wood or wood composite doors for interior or exterior applications. Various cores, species, and finishes.  | Embodied materials from Building 59 full_lca dataset; no operational energy/power exchanges. Source stage: A1-A3."
A1-A3,Glazing - other,,United States,448.890672,kg,ecoinvent-3.12-cutoff,0d477376-aa7c-5663-89a6-a85a41870bfd,3d664a5b7b62e92dee3835b2c8af38dd,Glazing - other,Glazing,Glazing,A1-A3,"Other types of glazing or associated components/materials that could not be classified with mat_type, including flat glass panes and processed glass such as coated, laminated, tempered, etc. (Excludes IGUs) | Embodied materials from Building 59 full_lca dataset; no operational energy/power exchanges. Source stage: A1-A3."
A1-A3,Insulated glass unit IGU,,United States,5928.257124,kg,ecoinvent-3.12-cutoff,8d7bb208-3fc2-5110-af59-cecbad36ac6a,2b898e4b675d9ea79d9d7308e1bd7b80,Insulated glass unit IGU,Glazing,Glazing,A1-A3,"Includes multiple glass panes, spacer(s), desiccant, sealants, and any interlayer materials. Excludes window frames. | Embodied materials from Building 59 full_lca dataset; no operational energy/power exchanges. Source stage: A1-A3."
A1-A3,Glass mat gypsum board,,United States,6315.090047,kg,ecoinvent-3.12-cutoff,df7620e1-bbd9-5246-af6b-e5020da39670,a66d7df5b24e0c76c2fa4873be4c06b4,Glass mat gypsum board,Gypsum,Plaster,A1-A3,"Non-combustible gypsum core with glass-mat surface on each side. Includes various thicknesses, types, and applications. | Embodied materials from Building 59 full_lca dataset; no operational energy/power exchanges. Source stage: A1-A3."
A1-A3,Gypsum board,,United States,95235.360394,kg,ecoinvent-3.12-cutoff,632161d3-c165-5334-9ebe-6c0c5bacafdf,1b3c38e902bbf524e6597f71aee4cda2,Gypsum board,Gypsum,Plaster,A1-A3,"standard gypsum board, excluding glass-mat products. Includes various thicknesses, types, and applications  | Embodied materials from Building 59 full_lca dataset; no operational energy/power exchanges. Source stage: A1-A3."
A1-A3,Extruded polystyrene XPS,,United States,12947.108937,kg,ecoinvent-3.12-cutoff,4674ffbc-e461-5592-a4fc-80a6de0b2de2,065350adceb46205fbaa931c057ba534,Extruded polystyrene XPS,Insulation,Insulation,A1-A3,Extruded polystyrene closed-cell foam board insulation; conventional HFC- and/or lower-GWP blowing agent | Embodied materials from Building 59 full_lca dataset; no operational energy/power exchanges. Source stage: A1-A3.
A1-A3,Fiberglass blanket,,United States,2267.968248,kg,ecoinvent-3.12-cutoff,dca46a80-e6f1-589c-83df-4d9450b6a258,9299ec7c27a6c841a110c7d61a48aa8f,Fiberglass blanket,Insulation,Insulation,A1-A3,Flexible insulating fiberglass batts or rolls. | Embodied materials from Building 59 full_lca dataset; no operational energy/power exchanges. Source stage: A1-A3.
A1-A3,Other,,United States,90.10798,kg,ecoinvent-3.12-cutoff,77ddbf08-b365-577a-9bdd-eb9354fb8a4f,1a837ee3849f066588a38aba19d15a60,Other,Other,Metal,A1-A3,All other products and materials that could not be otherwise classified and which represent less than 5% of the project's total mass and embodied carbon intensity.  | Embodied materials from Building 59 full_lca dataset; no operational energy/power exchanges. Source stage: A1-A3.
A1-A3,Fasteners,,United States,498.80357,kg,ecoinvent-3.12-cutoff,8f246128-096d-5ecd-9e33-0ee086c42583,9df8c1cd1bb8ed544886078e8a063b65,Fasteners,Other metals,Metal,A1-A3,Various metalic fasteners | Embodied materials from Building 59 full_lca dataset; no operational energy/power exchanges. Source stage: A1-A3.
A1-A3,Roofing and waterproofing - other,,United States,1530.236226,kg,ecoinvent-3.12-cutoff,f404acb5-8ce5-53f9-86f0-608b65e2a593,6075bf87888355533444f10c70614b2e,Roofing and waterproofing - other,Roofing and waterproofing,Vapor barrier,A1-A3,Other roofing and waterproofing or associated componentents/materials that could not be classified with mat_type | Embodied materials from Building 59 full_lca dataset; no operational energy/power exchanges. Source stage: A1-A3.
A1-A3,TPO,,United States,3394.9864,kg,ecoinvent-3.12-cutoff,47e06310-2949-52ae-a4c2-73fa4a4ebb28,7c97486978bf8a18d3410a4387dde7fa,TPO,Roofing and waterproofing,Roofing membrane,A1-A3,"Thermoplastic polyolefin (TPO) single-ply roof membranes. Various sizes, thicknesses, reinforcings, backings, and performances.  | Embodied materials from Building 59 full_lca dataset; no operational energy/power exchanges. Source stage: A1-A3."
A1-A3,Cold formed steel framing,,United States,8862.837351,kg,ecoinvent-3.12-cutoff,5928ad0d-b48d-5407-aaf4-959c5b3b12d3,d946184d3ac739a06d3569c72215c006,Cold formed steel framing,Steel,Metal,A1-A3,Cold-formed steel shapes for light framing such as studs and track. Galvanized or ungalvinzed. | Embodied materials from Building 59 full_lca dataset; no operational energy/power exchanges. Source stage: A1-A3.
A1-A3,Decking,,United States,30046.739979,kg,ecoinvent-3.12-cutoff,9c357101-86a4-5253-b5f2-a4090d520efe,2b05e130f9528f7bc801722ad81d580c,Decking,Steel,Metal,A1-A3,Steel decking for floors and roofs. Includes range of surface treatments (galvanized or uncoated steel to which paint may be applied) and thickness/gauge. | Embodied materials from Building 59 full_lca dataset; no operational energy/power exchanges. Source stage: A1-A3.
A1-A3,Hollow structural sections HSS,,United States,6609.570383,kg,ecoinvent-3.12-cutoff,7236960a-88a6-54eb-a9fc-4a752efe2e95,2ee13f6617aecabf154337a5789fd1b5,Hollow structural sections HSS,Steel,Metal,A1-A3,Hollow structural sections. Fabricated or unfabricated. | Embodied materials from Building 59 full_lca dataset; no operational energy/power exchanges. Source stage: A1-A3.
A1-A3,Hot-rolled sections,,United States,97543.517416,kg,ecoinvent-3.12-cutoff,4bdc4163-9b0c-5e72-96ae-d0934c28e1f1,3f8a3b1045a035181828b02f82b4e139,Hot-rolled sections,Steel,Metal,A1-A3,Embodied materials from Building 59 full_lca dataset; no operational energy/power exchanges. Source stage: A1-A3.
A1-A3,Plate,,United States,912.46822,kg,ecoinvent-3.12-cutoff,8ac1cad0-18e7-5ad7-abe7-d2cde6924276,23e9c18e787efa0cb9e54d1bae4381ce,Plate,Steel,Metal,A1-A3,"Flat steel products (generally thicker than 1/4"") for structural appliations. Fabricated or unfabricated. | Embodied materials from Building 59 full_lca dataset; no operational energy/power exchanges. Source stage: A1-A3."
A1-A3,Rebar and reinforcement,,United States,22542.87622,kg,ecoinvent-3.12-cutoff,3b3fce52-8518-5f91-8afc-c59d3fd56f9f,9f0b0e654079fbac0e2c476547c62d6e,Rebar and reinforcement,Steel,Metal,A1-A3,"Steel reinforcement bars, including plain carbon steel and low-alloy steel of multiple grades and sizes for concrete and masonry reinforcement applications. Fabricated or unfabricated. Also includes other steel wire and steel mesh products.   | Embodied materials from Building 59 full_lca dataset; no operational energy/power exchanges. Source stage: A1-A3."
A1-A3,Steel - other,,United States,801.157572,kg,ecoinvent-3.12-cutoff,0a9fad5a-c0ee-527d-a364-5ad5ae95c45c,d2a421d9e55aabc0489d5745b056ae68,Steel - other,Steel,Metal,A1-A3,Other types of steel or associated components/materials that could not be classified with mat_type. | Embodied materials from Building 59 full_lca dataset; no operational energy/power exchanges. Source stage: A1-A3.
A1-A3,Wall coverings,,United States,9.075161,kg,ecoinvent-3.12-cutoff,d9b39671-2352-5dfd-8fd7-3887cdbd9776,475c0bef26cb472c618b8f7be59aa64a,Wall coverings,Wall coverings,Wall coverings,A1-A3,"Various wall coverings. Primarily composed of textile and vinyl coverings, wallpaper, and miscelaneous trim | Embodied materials from Building 59 full_lca dataset; no operational energy/power exchanges. Source stage: A1-A3."
A1-A3,Aluminum framed window,,United States,16.130016,kg,ecoinvent-3.12-cutoff,27174349-1c7d-561f-95dd-c70240f43345,ae450266a237681f18ec5a4e35a5dd49,Aluminum framed window,Windows and frames,Window frame,A1-A3,Aluminum windows and frames. Various. Typically inclusive of hardware | Embodied materials from Building 59 full_lca dataset; no operational energy/power exchanges. Source stage: A1-A3.
A1-A3,Steel framed window,,United States,5.574182,kg,ecoinvent-3.12-cutoff,f79b4d0e-3cdd-5e6e-97d5-7e04e30afd28,9f0b0e654079fbac0e2c476547c62d6e,Steel framed window,Windows and frames,Opening hardware,A1-A3,Steel windows and frames. Various. Typically inclusive of hardware | Embodied materials from Building 59 full_lca dataset; no operational energy/power exchanges. Source stage: A1-A3.
A1-A3,Softwood framing,,United States,783.360469,kg,ecoinvent-3.12-cutoff,0d18314e-e55e-542d-b751-dbd081b07d1e,800d9d5c9b202beac263c956ffe0ec3e,Softwood framing,Wood and composites,Wood,A1-A3,Dimensional softwood framing lumber. Excludes heavy timber  | Embodied materials from Building 59 full_lca dataset; no operational energy/power exchanges. Source stage: A1-A3.
A1-A3,Softwood plywood,,United States,6268.152242,kg,ecoinvent-3.12-cutoff,3d6ae3be-c205-5d71-ab34-f7f2d506e49a,10996c05033da28835d36bb60d005a08,Softwood plywood,Wood and composites,Wood,A1-A3,Various thicknesses of softwood plywood for interior or exterior applications. Typically exclusive of hardwood veneers. | Embodied materials from Building 59 full_lca dataset; no operational energy/power exchanges. Source stage: A1-A3.
A1-A3,Wood and composites - other,,United States,2496.513437,kg,ecoinvent-3.12-cutoff,3b26c27b-967c-5c5d-945e-85204f4ce01d,6d0ddf0ae3c8812e3edf2e2f9ff2d2de,Wood and composites - other,Wood and composites,Wood,A1-A3,Other types of wood and composites or associated components/materials that could not be confidently with mat_type | Embodied materials from Building 59 full_lca dataset; no operational energy/power exchanges. Source stage: A1-A3.
A4,Acoustic ceiling tile fiber,,United States,0.0,kg,ecoinvent-3.12-cutoff,9bd8151b-f873-5154-ace9-e92c0575a513,94d28cb7518244233ce4c524f4ed31b9,Acoustic ceiling tile fiber,Acoustic ceilings,Ceiling tile,A4,"Fiber-based acoustic ceiling tiles. Various thicknesses, compositions, finishes, and NRC/CAC ratings | Embodied materials from Building 59 full_lca dataset; no operational energy/power exchanges. Source stage: A4."
A4,Suspension assembly,,United States,0.0,kg,ecoinvent-3.12-cutoff,0d9694e5-6d84-5945-9fad-cfb761a1338c,d6418d3ed7ed3b7e7f5f809823204e52,Suspension assembly,Acoustic ceilings,Ceiling tile,A4,"Steel suspension assemblies for acoustic ceiling tiles. Typically includes tracks, grids, and profile assemblies without associated hangers or hardware. Galvanized or ungalvanized and various finishes.  | Embodied materials from Building 59 full_lca dataset; no operational energy/power exchanges. Source stage: A4."
A4,Adhesives and sealants,,United States,0.0,kg,ecoinvent-3.12-cutoff,d8458504-9aae-5453-b100-a33a8cad5db7,a4ec8071e006ee25b9f8e9082cb09dc3,Adhesives and sealants,Adhesives and sealants,Adhesive / Sealant,A4,Various adhesives and sealants | Embodied materials from Building 59 full_lca dataset; no operational energy/power exchanges. Source stage: A4.
A4,Air and vapor barriers,,United States,0.0,kg,ecoinvent-3.12-cutoff,92f6d433-6657-59df-8718-cd2c591e5707,ec2c8a687ca0a75644b4b09569b99d87,Air and vapor barriers,Air and vapor barriers,Vapor barrier,A4,Various air and vapor barriers | Embodied materials from Building 59 full_lca dataset; no operational energy/power exchanges. Source stage: A4.
A4,Extrusion,,United States,0.0,kg,ecoinvent-3.12-cutoff,17c95275-d294-55d6-8734-223b3b4f96cd,0f4a29836737c959f23373b5dc59d6d9,Extrusion,Aluminum,Metal,A4,"Standard and/or thermally improved aluminum extrusions for various applications. Inclusive of finish where applicable (mill, painted, anodized, etc.). May include manufacturing inputs to storefront/curtain wall systems listed in Windows and frames.  | Embodied materials from Building 59 full_lca dataset; no operational energy/power exchanges. Source stage: A4."
A4,Roll formed metal panel steel,,United States,0.0,kg,ecoinvent-3.12-cutoff,1e7b4f6b-f220-5b4e-b707-9468235d3757,9f0b0e654079fbac0e2c476547c62d6e,Roll formed metal panel steel,Cladding,Metal,A4,Roll-formed steel cladding panel such as standing seam or box rib; Various thickness and coatings | Embodied materials from Building 59 full_lca dataset; no operational energy/power exchanges. Source stage: A4.
A4,Stucco finish,,United States,0.0,kg,ecoinvent-3.12-cutoff,ac25048b-4d8d-5887-ab5f-db6fb6d053b0,62b61f40fecd0b445617b16f24cd6be5,Stucco finish,Cladding,Wall coverings,A4,Portland cement based or synthetic stucco. Excludes insulation for EIFS systems.  | Embodied materials from Building 59 full_lca dataset; no operational energy/power exchanges. Source stage: A4.
A4,Coatings - other,,United States,0.0,kg,ecoinvent-3.12-cutoff,8a3fa291-601e-5670-a605-fb50002a67b8,1a837ee3849f066588a38aba19d15a60,Coatings - other,Coatings,Metal Coating,A4,All other coatings for various surfaces and functions that could not be classified with a mat_type | Embodied materials from Building 59 full_lca dataset; no operational energy/power exchanges. Source stage: A4.
A4,Paint,,United States,0.0,kg,ecoinvent-3.12-cutoff,07ca78ac-4c8b-53b8-9db7-227bd605f9ec,b3252a77c4dce9e3f8fedbde431c7b81,Paint,Coatings,Coating,A4,Interior and exterior paints for surface decoration and/or protection. Various applications and chemical compositions.   | Embodied materials from Building 59 full_lca dataset; no operational energy/power exchanges. Source stage: A4.
A4,GFRC general,,United States,0.0,kg,ecoinvent-3.12-cutoff,a8ba4a3f-d5c8-5dd8-b64d-73e63c4ca12b,f40a6d016d02c4406339fb51095c11d2,GFRC general,Concrete,Concrete,A4,"General glass fiber reinforced concrete products. Various shapes, sizes, strengths, applications, and finishes. Excludes GFRC cladding panels which are reported separately.  | Embodied materials from Building 59 full_lca dataset; no operational energy/power exchanges. Source stage: A4."
A4,Precast,,United States,0.0,kg,ecoinvent-3.12-cutoff,5b7c1689-f156-5166-b4b4-470cb702e1c6,9d5f671f91d687a958b4a1943aa3d3b9,Precast,Concrete,Concrete,A4,"Precast concrete products. Various strengths, mix designs, and applications. May contain reinforcing when LCA modeler selected an EPD that reflects multiple materials.  | Embodied materials from Building 59 full_lca dataset; no operational energy/power exchanges. Source stage: A4."
A4,Ready mix NW 3000,,United States,0.0,kg,ecoinvent-3.12-cutoff,38c62463-f95d-575d-8e98-3d9454e31cd1,ff1cf2621f46e527d86a91f791410eff,Ready mix NW 3000,Concrete,Concrete,A4,Normal weight ready mix concrete. 3000 PSI. Exclusive of reinforcing. | Embodied materials from Building 59 full_lca dataset; no operational energy/power exchanges. Source stage: A4.
A4,Aluminum door,,United States,0.0,kg,ecoinvent-3.12-cutoff,257cd697-3e46-5a51-b605-e327cb5207ba,6f5cf8c1a9792d83c896986c05a1560d,Aluminum door,Doors and frames,Door,A4,"Aluminum doors mainly for exterior applications of various sizes, cores, insulating properties, and finishes.  | Embodied materials from Building 59 full_lca dataset; no operational energy/power exchanges. Source stage: A4."
A4,Aluminum door frame,,United States,0.0,kg,ecoinvent-3.12-cutoff,9cd069f9-4c73-5846-b60f-9787811400b8,6f5cf8c1a9792d83c896986c05a1560d,Aluminum door frame,Doors and frames,Door frame,A4,Aluminum door frames. Various. | Embodied materials from Building 59 full_lca dataset; no operational energy/power exchanges. Source stage: A4.
A4,Doors and frames - other,,United States,0.0,kg,ecoinvent-3.12-cutoff,c8c4e963-f018-59a9-9ce1-d37e9a6c0851,6075bf87888355533444f10c70614b2e,Doors and frames - other,Doors and frames,Glazing,A4,"Other doors and frames or associated components/materials such as hardware, finishes, and specialties that could not be classified with mat_type  | Embodied materials from Building 59 full_lca dataset; no operational energy/power exchanges. Source stage: A4."
A4,Doors and frames - other,,United States,0.0,kg,ecoinvent-3.12-cutoff,6f66f299-9f6e-5d6f-add2-67de0704204a,6075bf87888355533444f10c70614b2e,Doors and frames - other,Doors and frames,Opening hardware,A4,"Other doors and frames or associated components/materials such as hardware, finishes, and specialties that could not be classified with mat_type  | Embodied materials from Building 59 full_lca dataset; no operational energy/power exchanges. Source stage: A4."
A4,Steel door,,United States,0.0,kg,ecoinvent-3.12-cutoff,f03ccbef-452c-5d57-9b1f-940a260e6339,9f0b0e654079fbac0e2c476547c62d6e,Steel door,Doors and frames,Door,A4,"Steel doors, interior or exterior applications. Various sizes, cores, gauges, and finishes.  | Embodied materials from Building 59 full_lca dataset; no operational energy/power exchanges. Source stage: A4."
A4,Steel door frame,,United States,0.0,kg,ecoinvent-3.12-cutoff,8a0a047d-cac5-568a-a299-7fc451b37596,9f0b0e654079fbac0e2c476547c62d6e,Steel door frame,Doors and frames,Door frame,A4,Steel door frames. Various | Embodied materials from Building 59 full_lca dataset; no operational energy/power exchanges. Source stage: A4.
A4,Wood or composite door,,United States,0.0,kg,ecoinvent-3.12-cutoff,4e3748ff-6fb1-52af-9315-b01fc943cd86,b9788e7d42c3eb3c6a0cc42c9c8fab6a,Wood or composite door,Doors and frames,Door,A4,"Wood or wood composite doors for interior or exterior applications. Various cores, species, and finishes.  | Embodied materials from Building 59 full_lca dataset; no operational energy/power exchanges. Source stage: A4."
A4,Glazing - other,,United States,0.0,kg,ecoinvent-3.12-cutoff,5d3ca838-580a-5837-a22d-a664b2da6002,3d664a5b7b62e92dee3835b2c8af38dd,Glazing - other,Glazing,Glazing,A4,"Other types of glazing or associated components/materials that could not be classified with mat_type, including flat glass panes and processed glass such as coated, laminated, tempered, etc. (Excludes IGUs) | Embodied materials from Building 59 full_lca dataset; no operational energy/power exchanges. Source stage: A4."
A4,Insulated glass unit IGU,,United States,0.0,kg,ecoinvent-3.12-cutoff,549e9689-03a2-5fd1-ac81-4c9fee415878,2b898e4b675d9ea79d9d7308e1bd7b80,Insulated glass unit IGU,Glazing,Glazing,A4,"Includes multiple glass panes, spacer(s), desiccant, sealants, and any interlayer materials. Excludes window frames. | Embodied materials from Building 59 full_lca dataset; no operational energy/power exchanges. Source stage: A4."
A4,Glass mat gypsum board,,United States,0.0,kg,ecoinvent-3.12-cutoff,71274f94-5919-5c2c-bb32-19684dd6a212,a66d7df5b24e0c76c2fa4873be4c06b4,Glass mat gypsum board,Gypsum,Plaster,A4,"Non-combustible gypsum core with glass-mat surface on each side. Includes various thicknesses, types, and applications. | Embodied materials from Building 59 full_lca dataset; no operational energy/power exchanges. Source stage: A4."
A4,Gypsum board,,United States,0.0,kg,ecoinvent-3.12-cutoff,3c75c56f-a796-5892-b56b-f27917a64e04,1b3c38e902bbf524e6597f71aee4cda2,Gypsum board,Gypsum,Plaster,A4,"standard gypsum board, excluding glass-mat products. Includes various thicknesses, types, and applications  | Embodied materials from Building 59 full_lca dataset; no operational energy/power exchanges. Source stage: A4."
A4,Extruded polystyrene XPS,,United States,0.0,kg,ecoinvent-3.12-cutoff,c8185f54-f3c4-51ab-a0cf-6432000ba83e,065350adceb46205fbaa931c057ba534,Extruded polystyrene XPS,Insulation,Insulation,A4,Extruded polystyrene closed-cell foam board insulation; conventional HFC- and/or lower-GWP blowing agent | Embodied materials from Building 59 full_lca dataset; no operational energy/power exchanges. Source stage: A4.
A4,Fiberglass blanket,,United States,0.0,kg,ecoinvent-3.12-cutoff,751b5901-c08a-57fe-b015-a61709ac7853,9299ec7c27a6c841a110c7d61a48aa8f,Fiberglass blanket,Insulation,Insulation,A4,Flexible insulating fiberglass batts or rolls. | Embodied materials from Building 59 full_lca dataset; no operational energy/power exchanges. Source stage: A4.
A4,Other,,United States,0.0,kg,ecoinvent-3.12-cutoff,43d745fa-d34a-524a-8aaa-13af81a71e98,1a837ee3849f066588a38aba19d15a60,Other,Other,Metal,A4,All other products and materials that could not be otherwise classified and which represent less than 5% of the project's total mass and embodied carbon intensity.  | Embodied materials from Building 59 full_lca dataset; no operational energy/power exchanges. Source stage: A4.
A4,Fasteners,,United States,0.0,kg,ecoinvent-3.12-cutoff,a2bb204b-57fe-5851-8f81-ab26f194e5bc,9df8c1cd1bb8ed544886078e8a063b65,Fasteners,Other metals,Metal,A4,Various metalic fasteners | Embodied materials from Building 59 full_lca dataset; no operational energy/power exchanges. Source stage: A4.
A4,Roofing and waterproofing - other,,United States,0.0,kg,ecoinvent-3.12-cutoff,8d4c4f3a-a4b7-5f73-8628-be538a368310,6075bf87888355533444f10c70614b2e,Roofing and waterproofing - other,Roofing and waterproofing,Vapor barrier,A4,Other roofing and waterproofing or associated componentents/materials that could not be classified with mat_type | Embodied materials from Building 59 full_lca dataset; no operational energy/power exchanges. Source stage: A4.
A4,TPO,,United States,0.0,kg,ecoinvent-3.12-cutoff,4f9f5b30-5f25-5391-8f74-2e7247532fe0,7c97486978bf8a18d3410a4387dde7fa,TPO,Roofing and waterproofing,Roofing membrane,A4,"Thermoplastic polyolefin (TPO) single-ply roof membranes. Various sizes, thicknesses, reinforcings, backings, and performances.  | Embodied materials from Building 59 full_lca dataset; no operational energy/power exchanges. Source stage: A4."
A4,Cold formed steel framing,,United States,0.0,kg,ecoinvent-3.12-cutoff,93844cbb-c476-515f-b0e9-e59d1eec793f,d946184d3ac739a06d3569c72215c006,Cold formed steel framing,Steel,Metal,A4,Cold-formed steel shapes for light framing such as studs and track. Galvanized or ungalvinzed. | Embodied materials from Building 59 full_lca dataset; no operational energy/power exchanges. Source stage: A4.
A4,Decking,,United States,0.0,kg,ecoinvent-3.12-cutoff,6f36af0e-057f-53b4-9b84-845827af0796,2b05e130f9528f7bc801722ad81d580c,Decking,Steel,Metal,A4,Steel decking for floors and roofs. Includes range of surface treatments (galvanized or uncoated steel to which paint may be applied) and thickness/gauge. | Embodied materials from Building 59 full_lca dataset; no operational energy/power exchanges. Source stage: A4.
A4,Hollow structural sections HSS,,United States,0.0,kg,ecoinvent-3.12-cutoff,6e1c779b-9c8c-5742-9993-938748a33d22,2ee13f6617aecabf154337a5789fd1b5,Hollow structural sections HSS,Steel,Metal,A4,Hollow structural sections. Fabricated or unfabricated. | Embodied materials from Building 59 full_lca dataset; no operational energy/power exchanges. Source stage: A4.
A4,Hot-rolled sections,,United States,0.0,kg,ecoinvent-3.12-cutoff,4bf69186-5c4a-548e-9ca4-76ecbddc625a,3f8a3b1045a035181828b02f82b4e139,Hot-rolled sections,Steel,Metal,A4,Embodied materials from Building 59 full_lca dataset; no operational energy/power exchanges. Source stage: A4.
A4,Plate,,United States,0.0,kg,ecoinvent-3.12-cutoff,c12d5800-b0b2-5f0c-aac0-865adf5f88e3,23e9c18e787efa0cb9e54d1bae4381ce,Plate,Steel,Metal,A4,"Flat steel products (generally thicker than 1/4"") for structural appliations. Fabricated or unfabricated. | Embodied materials from Building 59 full_lca dataset; no operational energy/power exchanges. Source stage: A4."
A4,Rebar and reinforcement,,United States,0.0,kg,ecoinvent-3.12-cutoff,87ed7683-6d19-58d2-ba16-454992e2d5e5,9f0b0e654079fbac0e2c476547c62d6e,Rebar and reinforcement,Steel,Metal,A4,"Steel reinforcement bars, including plain carbon steel and low-alloy steel of multiple grades and sizes for concrete and masonry reinforcement applications. Fabricated or unfabricated. Also includes other steel wire and steel mesh products.   | Embodied materials from Building 59 full_lca dataset; no operational energy/power exchanges. Source stage: A4."
A4,Steel - other,,United States,0.0,kg,ecoinvent-3.12-cutoff,4fa2c94a-018a-5782-ab13-6755b2e8e6f0,d2a421d9e55aabc0489d5745b056ae68,Steel - other,Steel,Metal,A4,Other types of steel or associated components/materials that could not be classified with mat_type. | Embodied materials from Building 59 full_lca dataset; no operational energy/power exchanges. Source stage: A4.
A4,Wall coverings,,United States,0.0,kg,ecoinvent-3.12-cutoff,98b7235b-7f83-5a8e-8321-f4e663397384,475c0bef26cb472c618b8f7be59aa64a,Wall coverings,Wall coverings,Wall coverings,A4,"Various wall coverings. Primarily composed of textile and vinyl coverings, wallpaper, and miscelaneous trim | Embodied materials from Building 59 full_lca dataset; no operational energy/power exchanges. Source stage: A4."
A4,Aluminum framed window,,United States,0.0,kg,ecoinvent-3.12-cutoff,1c0b77cc-85a9-508d-b4ba-84932dc208e3,ae450266a237681f18ec5a4e35a5dd49,Aluminum framed window,Windows and frames,Window frame,A4,Aluminum windows and frames. Various. Typically inclusive of hardware | Embodied materials from Building 59 full_lca dataset; no operational energy/power exchanges. Source stage: A4.
A4,Steel framed window,,United States,0.0,kg,ecoinvent-3.12-cutoff,109ea4d0-503f-546b-afc4-7931cfee3590,9f0b0e654079fbac0e2c476547c62d6e,Steel framed window,Windows and frames,Opening hardware,A4,Steel windows and frames. Various. Typically inclusive of hardware | Embodied materials from Building 59 full_lca dataset; no operational energy/power exchanges. Source stage: A4.
A4,Softwood framing,,United States,0.0,kg,ecoinvent-3.12-cutoff,ac5d3fdf-8b57-5e01-8b06-c954b2afb1b1,800d9d5c9b202beac263c956ffe0ec3e,Softwood framing,Wood and composites,Wood,A4,Dimensional softwood framing lumber. Excludes heavy timber  | Embodied materials from Building 59 full_lca dataset; no operational energy/power exchanges. Source stage: A4.
A4,Softwood plywood,,United States,0.0,kg,ecoinvent-3.12-cutoff,064c8d9c-9e06-53e9-837d-a710df142bdd,10996c05033da28835d36bb60d005a08,Softwood plywood,Wood and composites,Wood,A4,Various thicknesses of softwood plywood for interior or exterior applications. Typically exclusive of hardwood veneers. | Embodied materials from Building 59 full_lca dataset; no operational energy/power exchanges. Source stage: A4.
A4,Wood and composites - other,,United States,0.0,kg,ecoinvent-3.12-cutoff,686be641-ce97-51fc-9179-d6e84d332cea,6d0ddf0ae3c8812e3edf2e2f9ff2d2de,Wood and composites - other,Wood and composites,Wood,A4,Other types of wood and composites or associated components/materials that could not be confidently with mat_type | Embodied materials from Building 59 full_lca dataset; no operational energy/power exchanges. Source stage: A4.
B4-B5,Acoustic ceiling tile fiber,,United States,6082.363261,kg,ecoinvent-3.12-cutoff,32d84f39-8e38-56f6-a862-b69b0af76061,94d28cb7518244233ce4c524f4ed31b9,Acoustic ceiling tile fiber,Acoustic ceilings,Ceiling tile,B4-B5,"Fiber-based acoustic ceiling tiles. Various thicknesses, compositions, finishes, and NRC/CAC ratings | Embodied materials from Building 59 full_lca dataset; no operational energy/power exchanges. Source stage: B4-B5."
B4-B5,Suspension assembly,,United States,1292.646461,kg,ecoinvent-3.12-cutoff,985b3409-6277-5ea5-911d-41f7b26df454,d6418d3ed7ed3b7e7f5f809823204e52,Suspension assembly,Acoustic ceilings,Ceiling tile,B4-B5,"Steel suspension assemblies for acoustic ceiling tiles. Typically includes tracks, grids, and profile assemblies without associated hangers or hardware. Galvanized or ungalvanized and various finishes.  | Embodied materials from Building 59 full_lca dataset; no operational energy/power exchanges. Source stage: B4-B5."
B4-B5,Adhesives and sealants,,United States,1467.51025,kg,ecoinvent-3.12-cutoff,9e356178-f4b2-538c-b9a2-02a1c2388bd4,a4ec8071e006ee25b9f8e9082cb09dc3,Adhesives and sealants,Adhesives and sealants,Adhesive / Sealant,B4-B5,Various adhesives and sealants | Embodied materials from Building 59 full_lca dataset; no operational energy/power exchanges. Source stage: B4-B5.
B4-B5,Air and vapor barriers,,United States,559.08795,kg,ecoinvent-3.12-cutoff,e62a4adc-6b50-50cb-a7b8-0f50960f6593,ec2c8a687ca0a75644b4b09569b99d87,Air and vapor barriers,Air and vapor barriers,Vapor barrier,B4-B5,Various air and vapor barriers | Embodied materials from Building 59 full_lca dataset; no operational energy/power exchanges. Source stage: B4-B5.
B4-B5,Extrusion,,United States,0.0,kg,ecoinvent-3.12-cutoff,f3a69312-175c-5c2c-a717-f86ce19c5ab2,0f4a29836737c959f23373b5dc59d6d9,Extrusion,Aluminum,Metal,B4-B5,"Standard and/or thermally improved aluminum extrusions for various applications. Inclusive of finish where applicable (mill, painted, anodized, etc.). May include manufacturing inputs to storefront/curtain wall systems listed in Windows and frames.  | Embodied materials from Building 59 full_lca dataset; no operational energy/power exchanges. Source stage: B4-B5."
B4-B5,Roll formed metal panel steel,,United States,0.0,kg,ecoinvent-3.12-cutoff,e8718e03-fa95-5c6d-86af-6e395241c163,9f0b0e654079fbac0e2c476547c62d6e,Roll formed metal panel steel,Cladding,Metal,B4-B5,Roll-formed steel cladding panel such as standing seam or box rib; Various thickness and coatings | Embodied materials from Building 59 full_lca dataset; no operational energy/power exchanges. Source stage: B4-B5.
B4-B5,Stucco finish,,United States,0.0,kg,ecoinvent-3.12-cutoff,2bb6fe3d-b673-50b1-9420-f403d35d435d,62b61f40fecd0b445617b16f24cd6be5,Stucco finish,Cladding,Wall coverings,B4-B5,Portland cement based or synthetic stucco. Excludes insulation for EIFS systems.  | Embodied materials from Building 59 full_lca dataset; no operational energy/power exchanges. Source stage: B4-B5.
B4-B5,Coatings - other,,United States,0.0,kg,ecoinvent-3.12-cutoff,b5aaeba4-4111-546e-8764-9953f884e41e,1a837ee3849f066588a38aba19d15a60,Coatings - other,Coatings,Metal Coating,B4-B5,All other coatings for various surfaces and functions that could not be classified with a mat_type | Embodied materials from Building 59 full_lca dataset; no operational energy/power exchanges. Source stage: B4-B5.
B4-B5,Paint,,United States,2491.294098,kg,ecoinvent-3.12-cutoff,c99cf905-c925-56f9-8b5d-4c07b3156e25,b3252a77c4dce9e3f8fedbde431c7b81,Paint,Coatings,Coating,B4-B5,Interior and exterior paints for surface decoration and/or protection. Various applications and chemical compositions.   | Embodied materials from Building 59 full_lca dataset; no operational energy/power exchanges. Source stage: B4-B5.
B4-B5,GFRC general,,United States,0.0,kg,ecoinvent-3.12-cutoff,d1542693-1f34-5a9f-882e-90139cef890b,f40a6d016d02c4406339fb51095c11d2,GFRC general,Concrete,Concrete,B4-B5,"General glass fiber reinforced concrete products. Various shapes, sizes, strengths, applications, and finishes. Excludes GFRC cladding panels which are reported separately.  | Embodied materials from Building 59 full_lca dataset; no operational energy/power exchanges. Source stage: B4-B5."
B4-B5,Precast,,United States,0.0,kg,ecoinvent-3.12-cutoff,29af56bd-95f6-5f94-97d7-304a528b72de,9d5f671f91d687a958b4a1943aa3d3b9,Precast,Concrete,Concrete,B4-B5,"Precast concrete products. Various strengths, mix designs, and applications. May contain reinforcing when LCA modeler selected an EPD that reflects multiple materials.  | Embodied materials from Building 59 full_lca dataset; no operational energy/power exchanges. Source stage: B4-B5."
B4-B5,Ready mix NW 3000,,United States,0.0,kg,ecoinvent-3.12-cutoff,0325064a-561c-58ac-b8d9-9ff1a884f4da,ff1cf2621f46e527d86a91f791410eff,Ready mix NW 3000,Concrete,Concrete,B4-B5,Normal weight ready mix concrete. 3000 PSI. Exclusive of reinforcing. | Embodied materials from Building 59 full_lca dataset; no operational energy/power exchanges. Source stage: B4-B5.
B4-B5,Aluminum door,,United States,178.901458,kg,ecoinvent-3.12-cutoff,cebfd0cb-d9f7-5557-b49e-bc71d650a954,6f5cf8c1a9792d83c896986c05a1560d,Aluminum door,Doors and frames,Door,B4-B5,"Aluminum doors mainly for exterior applications of various sizes, cores, insulating properties, and finishes.  | Embodied materials from Building 59 full_lca dataset; no operational energy/power exchanges. Source stage: B4-B5."
B4-B5,Aluminum door frame,,United States,97.725595,kg,ecoinvent-3.12-cutoff,35218c21-6434-5aa5-842d-9482ff38bfa4,6f5cf8c1a9792d83c896986c05a1560d,Aluminum door frame,Doors and frames,Door frame,B4-B5,Aluminum door frames. Various. | Embodied materials from Building 59 full_lca dataset; no operational energy/power exchanges. Source stage: B4-B5.
B4-B5,Doors and frames - other,,United States,167.225472,kg,ecoinvent-3.12-cutoff,08b7021d-0a29-5ab8-a6e2-b84bcbfca91f,6075bf87888355533444f10c70614b2e,Doors and frames - other,Doors and frames,Glazing,B4-B5,"Other doors and frames or associated components/materials such as hardware, finishes, and specialties that could not be classified with mat_type  | Embodied materials from Building 59 full_lca dataset; no operational energy/power exchanges. Source stage: B4-B5."
B4-B5,Doors and frames - other,,United States,171.924157,kg,ecoinvent-3.12-cutoff,56628e59-970c-5d12-bf74-43e0792c6f62,6075bf87888355533444f10c70614b2e,Doors and frames - other,Doors and frames,Opening hardware,B4-B5,"Other doors and frames or associated components/materials such as hardware, finishes, and specialties that could not be classified with mat_type  | Embodied materials from Building 59 full_lca dataset; no operational energy/power exchanges. Source stage: B4-B5."
B4-B5,Steel door,,United States,746.735126,kg,ecoinvent-3.12-cutoff,8c521ed8-2b12-5832-b592-34553d1b0457,9f0b0e654079fbac0e2c476547c62d6e,Steel door,Doors and frames,Door,B4-B5,"Steel doors, interior or exterior applications. Various sizes, cores, gauges, and finishes.  | Embodied materials from Building 59 full_lca dataset; no operational energy/power exchanges. Source stage: B4-B5."
B4-B5,Steel door frame,,United States,75.410934,kg,ecoinvent-3.12-cutoff,72a003d0-36c2-577d-867c-9dee64469c74,9f0b0e654079fbac0e2c476547c62d6e,Steel door frame,Doors and frames,Door frame,B4-B5,Steel door frames. Various | Embodied materials from Building 59 full_lca dataset; no operational energy/power exchanges. Source stage: B4-B5.
B4-B5,Wood or composite door,,United States,820.61441,kg,ecoinvent-3.12-cutoff,59805274-4fff-5a14-9e14-b43546b3d16a,b9788e7d42c3eb3c6a0cc42c9c8fab6a,Wood or composite door,Doors and frames,Door,B4-B5,"Wood or wood composite doors for interior or exterior applications. Various cores, species, and finishes.  | Embodied materials from Building 59 full_lca dataset; no operational energy/power exchanges. Source stage: B4-B5."
B4-B5,Glazing - other,,United States,448.890672,kg,ecoinvent-3.12-cutoff,829473bb-bf50-5529-8113-13a5eca435ec,3d664a5b7b62e92dee3835b2c8af38dd,Glazing - other,Glazing,Glazing,B4-B5,"Other types of glazing or associated components/materials that could not be classified with mat_type, including flat glass panes and processed glass such as coated, laminated, tempered, etc. (Excludes IGUs) | Embodied materials from Building 59 full_lca dataset; no operational energy/power exchanges. Source stage: B4-B5."
B4-B5,Insulated glass unit IGU,,United States,5928.257124,kg,ecoinvent-3.12-cutoff,5621ea1d-c7a9-559d-bbfe-bb7202a3cf70,2b898e4b675d9ea79d9d7308e1bd7b80,Insulated glass unit IGU,Glazing,Glazing,B4-B5,"Includes multiple glass panes, spacer(s), desiccant, sealants, and any interlayer materials. Excludes window frames. | Embodied materials from Building 59 full_lca dataset; no operational energy/power exchanges. Source stage: B4-B5."
B4-B5,Glass mat gypsum board,,United States,0.0,kg,ecoinvent-3.12-cutoff,4fd2cd4c-3919-5ed4-bb9c-8db5d2fa73ee,a66d7df5b24e0c76c2fa4873be4c06b4,Glass mat gypsum board,Gypsum,Plaster,B4-B5,"Non-combustible gypsum core with glass-mat surface on each side. Includes various thicknesses, types, and applications. | Embodied materials from Building 59 full_lca dataset; no operational energy/power exchanges. Source stage: B4-B5."
B4-B5,Gypsum board,,United States,95235.360394,kg,ecoinvent-3.12-cutoff,70c98e41-41ab-5d00-9fee-c03331bf9216,1b3c38e902bbf524e6597f71aee4cda2,Gypsum board,Gypsum,Plaster,B4-B5,"standard gypsum board, excluding glass-mat products. Includes various thicknesses, types, and applications  | Embodied materials from Building 59 full_lca dataset; no operational energy/power exchanges. Source stage: B4-B5."
B4-B5,Extruded polystyrene XPS,,United States,12947.108937,kg,ecoinvent-3.12-cutoff,06be15cd-f2d9-5d8d-8f19-bad6be819cfd,065350adceb46205fbaa931c057ba534,Extruded polystyrene XPS,Insulation,Insulation,B4-B5,Extruded polystyrene closed-cell foam board insulation; conventional HFC- and/or lower-GWP blowing agent | Embodied materials from Building 59 full_lca dataset; no operational energy/power exchanges. Source stage: B4-B5.
B4-B5,Fiberglass blanket,,United States,0.0,kg,ecoinvent-3.12-cutoff,a097bd6f-9dd9-511d-a2fa-53d8f2e907cf,9299ec7c27a6c841a110c7d61a48aa8f,Fiberglass blanket,Insulation,Insulation,B4-B5,Flexible insulating fiberglass batts or rolls. | Embodied materials from Building 59 full_lca dataset; no operational energy/power exchanges. Source stage: B4-B5.
B4-B5,Other,,United States,0.0,kg,ecoinvent-3.12-cutoff,e5f75bfc-1e1b-5e2b-86a8-cf0aeb4ac141,1a837ee3849f066588a38aba19d15a60,Other,Other,Metal,B4-B5,All other products and materials that could not be otherwise classified and which represent less than 5% of the project's total mass and embodied carbon intensity.  | Embodied materials from Building 59 full_lca dataset; no operational energy/power exchanges. Source stage: B4-B5.
B4-B5,Fasteners,,United States,498.80357,kg,ecoinvent-3.12-cutoff,120cf8fc-ab85-5001-846a-94c50dc1a3c4,9df8c1cd1bb8ed544886078e8a063b65,Fasteners,Other metals,Metal,B4-B5,Various metalic fasteners | Embodied materials from Building 59 full_lca dataset; no operational energy/power exchanges. Source stage: B4-B5.
B4-B5,Roofing and waterproofing - other,,United States,0.0,kg,ecoinvent-3.12-cutoff,f1af8f35-6095-5056-a160-e6e0f11870eb,6075bf87888355533444f10c70614b2e,Roofing and waterproofing - other,Roofing and waterproofing,Vapor barrier,B4-B5,Other roofing and waterproofing or associated componentents/materials that could not be classified with mat_type | Embodied materials from Building 59 full_lca dataset; no operational energy/power exchanges. Source stage: B4-B5.
B4-B5,TPO,,United States,3394.9864,kg,ecoinvent-3.12-cutoff,df518696-7e81-5c72-b439-7480f35d45d3,7c97486978bf8a18d3410a4387dde7fa,TPO,Roofing and waterproofing,Roofing membrane,B4-B5,"Thermoplastic polyolefin (TPO) single-ply roof membranes. Various sizes, thicknesses, reinforcings, backings, and performances.  | Embodied materials from Building 59 full_lca dataset; no operational energy/power exchanges. Source stage: B4-B5."
B4-B5,Cold formed steel framing,,United States,0.0,kg,ecoinvent-3.12-cutoff,9847324e-930d-5991-9eae-648aa3d34779,d946184d3ac739a06d3569c72215c006,Cold formed steel framing,Steel,Metal,B4-B5,Cold-formed steel shapes for light framing such as studs and track. Galvanized or ungalvinzed. | Embodied materials from Building 59 full_lca dataset; no operational energy/power exchanges. Source stage: B4-B5.
B4-B5,Decking,,United States,0.0,kg,ecoinvent-3.12-cutoff,36609602-80de-5681-80fe-7f1895bf7579,2b05e130f9528f7bc801722ad81d580c,Decking,Steel,Metal,B4-B5,Steel decking for floors and roofs. Includes range of surface treatments (galvanized or uncoated steel to which paint may be applied) and thickness/gauge. | Embodied materials from Building 59 full_lca dataset; no operational energy/power exchanges. Source stage: B4-B5.
B4-B5,Hollow structural sections HSS,,United States,0.0,kg,ecoinvent-3.12-cutoff,dc0cba51-000a-5de2-bacb-2b57de080c80,2ee13f6617aecabf154337a5789fd1b5,Hollow structural sections HSS,Steel,Metal,B4-B5,Hollow structural sections. Fabricated or unfabricated. | Embodied materials from Building 59 full_lca dataset; no operational energy/power exchanges. Source stage: B4-B5.
B4-B5,Hot-rolled sections,,United States,0.0,kg,ecoinvent-3.12-cutoff,cc4c0efb-ea80-5071-84cc-303174f31cba,3f8a3b1045a035181828b02f82b4e139,Hot-rolled sections,Steel,Metal,B4-B5,Embodied materials from Building 59 full_lca dataset; no operational energy/power exchanges. Source stage: B4-B5.
B4-B5,Plate,,United States,912.46822,kg,ecoinvent-3.12-cutoff,af43c2c4-0505-557f-9114-255cb11b7a3e,23e9c18e787efa0cb9e54d1bae4381ce,Plate,Steel,Metal,B4-B5,"Flat steel products (generally thicker than 1/4"") for structural appliations. Fabricated or unfabricated. | Embodied materials from Building 59 full_lca dataset; no operational energy/power exchanges. Source stage: B4-B5."
B4-B5,Rebar and reinforcement,,United States,69.298236,kg,ecoinvent-3.12-cutoff,b0cd72d2-b115-521a-8abc-cbbc2639de39,9f0b0e654079fbac0e2c476547c62d6e,Rebar and reinforcement,Steel,Metal,B4-B5,"Steel reinforcement bars, including plain carbon steel and low-alloy steel of multiple grades and sizes for concrete and masonry reinforcement applications. Fabricated or unfabricated. Also includes other steel wire and steel mesh products.   | Embodied materials from Building 59 full_lca dataset; no operational energy/power exchanges. Source stage: B4-B5."
B4-B5,Steel - other,,United States,0.0,kg,ecoinvent-3.12-cutoff,4d67dad1-00f3-5ea9-861f-2131bae8075b,d2a421d9e55aabc0489d5745b056ae68,Steel - other,Steel,Metal,B4-B5,Other types of steel or associated components/materials that could not be classified with mat_type. | Embodied materials from Building 59 full_lca dataset; no operational energy/power exchanges. Source stage: B4-B5.
B4-B5,Wall coverings,,United States,18.150322,kg,ecoinvent-3.12-cutoff,d439aa96-8fae-52c6-97c9-d8823fe6e9c4,475c0bef26cb472c618b8f7be59aa64a,Wall coverings,Wall coverings,Wall coverings,B4-B5,"Various wall coverings. Primarily composed of textile and vinyl coverings, wallpaper, and miscelaneous trim | Embodied materials from Building 59 full_lca dataset; no operational energy/power exchanges. Source stage: B4-B5."
B4-B5,Aluminum framed window,,United States,16.130016,kg,ecoinvent-3.12-cutoff,e29db5ed-e807-5d0b-bf3b-ab3958793a69,ae450266a237681f18ec5a4e35a5dd49,Aluminum framed window,Windows and frames,Window frame,B4-B5,Aluminum windows and frames. Various. Typically inclusive of hardware | Embodied materials from Building 59 full_lca dataset; no operational energy/power exchanges. Source stage: B4-B5.
B4-B5,Steel framed window,,United States,0.0,kg,ecoinvent-3.12-cutoff,b2917647-ffd6-55eb-afa5-b0c0e036eacb,9f0b0e654079fbac0e2c476547c62d6e,Steel framed window,Windows and frames,Opening hardware,B4-B5,Steel windows and frames. Various. Typically inclusive of hardware | Embodied materials from Building 59 full_lca dataset; no operational energy/power exchanges. Source stage: B4-B5.
B4-B5,Softwood framing,,United States,783.360469,kg,ecoinvent-3.12-cutoff,b485528a-670c-5946-8618-57582da42dd4,800d9d5c9b202beac263c956ffe0ec3e,Softwood framing,Wood and composites,Wood,B4-B5,Dimensional softwood framing lumber. Excludes heavy timber  | Embodied materials from Building 59 full_lca dataset; no operational energy/power exchanges. Source stage: B4-B5.
B4-B5,Softwood plywood,,United States,6268.152242,kg,ecoinvent-3.12-cutoff,47d8e423-094a-5e87-916f-00d382472c6c,10996c05033da28835d36bb60d005a08,Softwood plywood,Wood and composites,Wood,B4-B5,Various thicknesses of softwood plywood for interior or exterior applications. Typically exclusive of hardwood veneers. | Embodied materials from Building 59 full_lca dataset; no operational energy/power exchanges. Source stage: B4-B5.
B4-B5,Wood and composites - other,,United States,2496.513437,kg,ecoinvent-3.12-cutoff,1d30bb3a-989f-55aa-bcfb-747ce151459c,6d0ddf0ae3c8812e3edf2e2f9ff2d2de,Wood and composites - other,Wood and composites,Wood,B4-B5,Other types of wood and composites or associated components/materials that could not be confidently with mat_type | Embodied materials from Building 59 full_lca dataset; no operational energy/power exchanges. Source stage: B4-B5.
C2-C4,Acoustic ceiling tile fiber,,United States,0.0,kg,ecoinvent-3.12-cutoff,cd01fae0-80f3-5e17-9a29-f9b0431ef445,94d28cb7518244233ce4c524f4ed31b9,Acoustic ceiling tile fiber,Acoustic ceilings,Ceiling tile,C2-C4,"Fiber-based acoustic ceiling tiles. Various thicknesses, compositions, finishes, and NRC/CAC ratings | Embodied materials from Building 59 full_lca dataset; no operational energy/power exchanges. Source stage: C2-C4."
C2-C4,Suspension assembly,,United States,0.0,kg,ecoinvent-3.12-cutoff,c47b5c3f-f969-5c69-b485-83e8a5d62379,d6418d3ed7ed3b7e7f5f809823204e52,Suspension assembly,Acoustic ceilings,Ceiling tile,C2-C4,"Steel suspension assemblies for acoustic ceiling tiles. Typically includes tracks, grids, and profile assemblies without associated hangers or hardware. Galvanized or ungalvanized and various finishes.  | Embodied materials from Building 59 full_lca dataset; no operational energy/power exchanges. Source stage: C2-C4."
C2-C4,Adhesives and sealants,,United States,0.0,kg,ecoinvent-3.12-cutoff,7bb58e6a-37e9-52a7-8e2e-311f5ac3b386,a4ec8071e006ee25b9f8e9082cb09dc3,Adhesives and sealants,Adhesives and sealants,Adhesive / Sealant,C2-C4,Various adhesives and sealants | Embodied materials from Building 59 full_lca dataset; no operational energy/power exchanges. Source stage: C2-C4.
C2-C4,Air and vapor barriers,,United States,0.0,kg,ecoinvent-3.12-cutoff,26fd8503-77eb-59cd-b018-577b837d14f6,ec2c8a687ca0a75644b4b09569b99d87,Air and vapor barriers,Air and vapor barriers,Vapor barrier,C2-C4,Various air and vapor barriers | Embodied materials from Building 59 full_lca dataset; no operational energy/power exchanges. Source stage: C2-C4.
C2-C4,Extrusion,,United States,0.0,kg,ecoinvent-3.12-cutoff,37fc0271-4a37-5ac3-9277-d050c3f68fb8,0f4a29836737c959f23373b5dc59d6d9,Extrusion,Aluminum,Metal,C2-C4,"Standard and/or thermally improved aluminum extrusions for various applications. Inclusive of finish where applicable (mill, painted, anodized, etc.). May include manufacturing inputs to storefront/curtain wall systems listed in Windows and frames.  | Embodied materials from Building 59 full_lca dataset; no operational energy/power exchanges. Source stage: C2-C4."
C2-C4,Roll formed metal panel steel,,United States,0.0,kg,ecoinvent-3.12-cutoff,d2c29cc0-0962-51a9-aa6e-fe168a4d7495,9f0b0e654079fbac0e2c476547c62d6e,Roll formed metal panel steel,Cladding,Metal,C2-C4,Roll-formed steel cladding panel such as standing seam or box rib; Various thickness and coatings | Embodied materials from Building 59 full_lca dataset; no operational energy/power exchanges. Source stage: C2-C4.
C2-C4,Stucco finish,,United States,0.0,kg,ecoinvent-3.12-cutoff,e52c5723-022b-5abc-a2a6-11835a459de3,62b61f40fecd0b445617b16f24cd6be5,Stucco finish,Cladding,Wall coverings,C2-C4,Portland cement based or synthetic stucco. Excludes insulation for EIFS systems.  | Embodied materials from Building 59 full_lca dataset; no operational energy/power exchanges. Source stage: C2-C4.
C2-C4,Coatings - other,,United States,0.0,kg,ecoinvent-3.12-cutoff,dbefcab1-c9a5-5a5e-ae58-53423a63e2e4,1a837ee3849f066588a38aba19d15a60,Coatings - other,Coatings,Metal Coating,C2-C4,All other coatings for various surfaces and functions that could not be classified with a mat_type | Embodied materials from Building 59 full_lca dataset; no operational energy/power exchanges. Source stage: C2-C4.
C2-C4,Paint,,United States,0.0,kg,ecoinvent-3.12-cutoff,7e4839ef-69ca-5d8f-8192-27f7605973bb,b3252a77c4dce9e3f8fedbde431c7b81,Paint,Coatings,Coating,C2-C4,Interior and exterior paints for surface decoration and/or protection. Various applications and chemical compositions.   | Embodied materials from Building 59 full_lca dataset; no operational energy/power exchanges. Source stage: C2-C4.
C2-C4,GFRC general,,United States,0.0,kg,ecoinvent-3.12-cutoff,7532e6d7-d251-568e-9a91-98d2d928e8b4,f40a6d016d02c4406339fb51095c11d2,GFRC general,Concrete,Concrete,C2-C4,"General glass fiber reinforced concrete products. Various shapes, sizes, strengths, applications, and finishes. Excludes GFRC cladding panels which are reported separately.  | Embodied materials from Building 59 full_lca dataset; no operational energy/power exchanges. Source stage: C2-C4."
C2-C4,Precast,,United States,0.0,kg,ecoinvent-3.12-cutoff,9527ea55-305f-5f8a-ae9c-21458c7f3bd5,9d5f671f91d687a958b4a1943aa3d3b9,Precast,Concrete,Concrete,C2-C4,"Precast concrete products. Various strengths, mix designs, and applications. May contain reinforcing when LCA modeler selected an EPD that reflects multiple materials.  | Embodied materials from Building 59 full_lca dataset; no operational energy/power exchanges. Source stage: C2-C4."
C2-C4,Ready mix NW 3000,,United States,0.0,kg,ecoinvent-3.12-cutoff,dacdb722-4cf9-547c-9b0d-94550854f94d,ff1cf2621f46e527d86a91f791410eff,Ready mix NW 3000,Concrete,Concrete,C2-C4,Normal weight ready mix concrete. 3000 PSI. Exclusive of reinforcing. | Embodied materials from Building 59 full_lca dataset; no operational energy/power exchanges. Source stage: C2-C4.
C2-C4,Aluminum door,,United States,0.0,kg,ecoinvent-3.12-cutoff,ea5c8133-c8c7-58ef-8cde-5541677eb6c9,6f5cf8c1a9792d83c896986c05a1560d,Aluminum door,Doors and frames,Door,C2-C4,"Aluminum doors mainly for exterior applications of various sizes, cores, insulating properties, and finishes.  | Embodied materials from Building 59 full_lca dataset; no operational energy/power exchanges. Source stage: C2-C4."
C2-C4,Aluminum door frame,,United States,0.0,kg,ecoinvent-3.12-cutoff,50263a5d-1707-5a63-b425-7589cbc66f34,6f5cf8c1a9792d83c896986c05a1560d,Aluminum door frame,Doors and frames,Door frame,C2-C4,Aluminum door frames. Various. | Embodied materials from Building 59 full_lca dataset; no operational energy/power exchanges. Source stage: C2-C4.
C2-C4,Doors and frames - other,,United States,0.0,kg,ecoinvent-3.12-cutoff,89dbbb32-445b-5f57-b18d-10975533c750,6075bf87888355533444f10c70614b2e,Doors and frames - other,Doors and frames,Glazing,C2-C4,"Other doors and frames or associated components/materials such as hardware, finishes, and specialties that could not be classified with mat_type  | Embodied materials from Building 59 full_lca dataset; no operational energy/power exchanges. Source stage: C2-C4."
C2-C4,Doors and frames - other,,United States,0.0,kg,ecoinvent-3.12-cutoff,1fdc1a1f-e0a0-55b4-80ad-d7103c5e8d7e,6075bf87888355533444f10c70614b2e,Doors and frames - other,Doors and frames,Opening hardware,C2-C4,"Other doors and frames or associated components/materials such as hardware, finishes, and specialties that could not be classified with mat_type  | Embodied materials from Building 59 full_lca dataset; no operational energy/power exchanges. Source stage: C2-C4."
C2-C4,Steel door,,United States,0.0,kg,ecoinvent-3.12-cutoff,fece46ca-c6d2-5674-baec-e121e0e60d11,9f0b0e654079fbac0e2c476547c62d6e,Steel door,Doors and frames,Door,C2-C4,"Steel doors, interior or exterior applications. Various sizes, cores, gauges, and finishes.  | Embodied materials from Building 59 full_lca dataset; no operational energy/power exchanges. Source stage: C2-C4."
C2-C4,Steel door frame,,United States,0.0,kg,ecoinvent-3.12-cutoff,9f3fb996-7b59-53df-9ac3-9ab6788873ce,9f0b0e654079fbac0e2c476547c62d6e,Steel door frame,Doors and frames,Door frame,C2-C4,Steel door frames. Various | Embodied materials from Building 59 full_lca dataset; no operational energy/power exchanges. Source stage: C2-C4.
C2-C4,Wood or composite door,,United States,0.0,kg,ecoinvent-3.12-cutoff,d11d2e8b-9991-584c-85a3-69f4dbc0eeb2,b9788e7d42c3eb3c6a0cc42c9c8fab6a,Wood or composite door,Doors and frames,Door,C2-C4,"Wood or wood composite doors for interior or exterior applications. Various cores, species, and finishes.  | Embodied materials from Building 59 full_lca dataset; no operational energy/power exchanges. Source stage: C2-C4."
C2-C4,Glazing - other,,United States,0.0,kg,ecoinvent-3.12-cutoff,74cf3e23-e74a-5935-beb8-8cb7275319df,3d664a5b7b62e92dee3835b2c8af38dd,Glazing - other,Glazing,Glazing,C2-C4,"Other types of glazing or associated components/materials that could not be classified with mat_type, including flat glass panes and processed glass such as coated, laminated, tempered, etc. (Excludes IGUs) | Embodied materials from Building 59 full_lca dataset; no operational energy/power exchanges. Source stage: C2-C4."
C2-C4,Insulated glass unit IGU,,United States,0.0,kg,ecoinvent-3.12-cutoff,a887cc2f-ba8c-5643-b3b9-0f448dfcf529,2b898e4b675d9ea79d9d7308e1bd7b80,Insulated glass unit IGU,Glazing,Glazing,C2-C4,"Includes multiple glass panes, spacer(s), desiccant, sealants, and any interlayer materials. Excludes window frames. | Embodied materials from Building 59 full_lca dataset; no operational energy/power exchanges. Source stage: C2-C4."
C2-C4,Glass mat gypsum board,,United States,0.0,kg,ecoinvent-3.12-cutoff,1340dff8-6f6e-5f2f-a3f0-83d2f6f8ab5f,a66d7df5b24e0c76c2fa4873be4c06b4,Glass mat gypsum board,Gypsum,Plaster,C2-C4,"Non-combustible gypsum core with glass-mat surface on each side. Includes various thicknesses, types, and applications. | Embodied materials from Building 59 full_lca dataset; no operational energy/power exchanges. Source stage: C2-C4."
C2-C4,Gypsum board,,United States,0.0,kg,ecoinvent-3.12-cutoff,26d92b03-8f36-571d-814f-1e96024572b2,1b3c38e902bbf524e6597f71aee4cda2,Gypsum board,Gypsum,Plaster,C2-C4,"standard gypsum board, excluding glass-mat products. Includes various thicknesses, types, and applications  | Embodied materials from Building 59 full_lca dataset; no operational energy/power exchanges. Source stage: C2-C4."
C2-C4,Extruded polystyrene XPS,,United States,0.0,kg,ecoinvent-3.12-cutoff,04fa145c-4b29-50fa-891d-875c98d2173d,065350adceb46205fbaa931c057ba534,Extruded polystyrene XPS,Insulation,Insulation,C2-C4,Extruded polystyrene closed-cell foam board insulation; conventional HFC- and/or lower-GWP blowing agent | Embodied materials from Building 59 full_lca dataset; no operational energy/power exchanges. Source stage: C2-C4.
C2-C4,Fiberglass blanket,,United States,0.0,kg,ecoinvent-3.12-cutoff,868da484-2519-58ed-b3a1-a5889d319f30,9299ec7c27a6c841a110c7d61a48aa8f,Fiberglass blanket,Insulation,Insulation,C2-C4,Flexible insulating fiberglass batts or rolls. | Embodied materials from Building 59 full_lca dataset; no operational energy/power exchanges. Source stage: C2-C4.
C2-C4,Other,,United States,0.0,kg,ecoinvent-3.12-cutoff,ce49bdaf-ac9e-57f2-997a-cf2dbedf50f3,1a837ee3849f066588a38aba19d15a60,Other,Other,Metal,C2-C4,All other products and materials that could not be otherwise classified and which represent less than 5% of the project's total mass and embodied carbon intensity.  | Embodied materials from Building 59 full_lca dataset; no operational energy/power exchanges. Source stage: C2-C4.
C2-C4,Fasteners,,United States,0.0,kg,ecoinvent-3.12-cutoff,e437ce44-6439-5713-9a0a-ce4ad55208d1,9df8c1cd1bb8ed544886078e8a063b65,Fasteners,Other metals,Metal,C2-C4,Various metalic fasteners | Embodied materials from Building 59 full_lca dataset; no operational energy/power exchanges. Source stage: C2-C4.
C2-C4,Roofing and waterproofing - other,,United States,0.0,kg,ecoinvent-3.12-cutoff,ff80d30c-b0ca-5a49-b34d-65472852e231,6075bf87888355533444f10c70614b2e,Roofing and waterproofing - other,Roofing and waterproofing,Vapor barrier,C2-C4,Other roofing and waterproofing or associated componentents/materials that could not be classified with mat_type | Embodied materials from Building 59 full_lca dataset; no operational energy/power exchanges. Source stage: C2-C4.
C2-C4,TPO,,United States,0.0,kg,ecoinvent-3.12-cutoff,c0516e9b-f5c0-5bfd-a41e-8385fe8af58e,7c97486978bf8a18d3410a4387dde7fa,TPO,Roofing and waterproofing,Roofing membrane,C2-C4,"Thermoplastic polyolefin (TPO) single-ply roof membranes. Various sizes, thicknesses, reinforcings, backings, and performances.  | Embodied materials from Building 59 full_lca dataset; no operational energy/power exchanges. Source stage: C2-C4."
C2-C4,Cold formed steel framing,,United States,0.0,kg,ecoinvent-3.12-cutoff,ae4adb16-f5d6-53ab-9115-0fe8d5bb98de,d946184d3ac739a06d3569c72215c006,Cold formed steel framing,Steel,Metal,C2-C4,Cold-formed steel shapes for light framing such as studs and track. Galvanized or ungalvinzed. | Embodied materials from Building 59 full_lca dataset; no operational energy/power exchanges. Source stage: C2-C4.
C2-C4,Decking,,United States,0.0,kg,ecoinvent-3.12-cutoff,78a00eda-865d-5ccf-b35b-7c4419fac9f8,2b05e130f9528f7bc801722ad81d580c,Decking,Steel,Metal,C2-C4,Steel decking for floors and roofs. Includes range of surface treatments (galvanized or uncoated steel to which paint may be applied) and thickness/gauge. | Embodied materials from Building 59 full_lca dataset; no operational energy/power exchanges. Source stage: C2-C4.
C2-C4,Hollow structural sections HSS,,United States,0.0,kg,ecoinvent-3.12-cutoff,1521e742-44a4-5b03-b57c-e6ae269704ee,2ee13f6617aecabf154337a5789fd1b5,Hollow structural sections HSS,Steel,Metal,C2-C4,Hollow structural sections. Fabricated or unfabricated. | Embodied materials from Building 59 full_lca dataset; no operational energy/power exchanges. Source stage: C2-C4.
C2-C4,Hot-rolled sections,,United States,0.0,kg,ecoinvent-3.12-cutoff,6aa6e589-0088-5af2-b3ff-040a5740fdcc,3f8a3b1045a035181828b02f82b4e139,Hot-rolled sections,Steel,Metal,C2-C4,Embodied materials from Building 59 full_lca dataset; no operational energy/power exchanges. Source stage: C2-C4.
C2-C4,Plate,,United States,0.0,kg,ecoinvent-3.12-cutoff,1cffe4cb-e76b-5816-be24-3b2c60401463,23e9c18e787efa0cb9e54d1bae4381ce,Plate,Steel,Metal,C2-C4,"Flat steel products (generally thicker than 1/4"") for structural appliations. Fabricated or unfabricated. | Embodied materials from Building 59 full_lca dataset; no operational energy/power exchanges. Source stage: C2-C4."
C2-C4,Rebar and reinforcement,,United States,0.0,kg,ecoinvent-3.12-cutoff,229e460f-8d07-5180-af8b-a67d092217bb,9f0b0e654079fbac0e2c476547c62d6e,Rebar and reinforcement,Steel,Metal,C2-C4,"Steel reinforcement bars, including plain carbon steel and low-alloy steel of multiple grades and sizes for concrete and masonry reinforcement applications. Fabricated or unfabricated. Also includes other steel wire and steel mesh products.   | Embodied materials from Building 59 full_lca dataset; no operational energy/power exchanges. Source stage: C2-C4."
C2-C4,Steel - other,,United States,0.0,kg,ecoinvent-3.12-cutoff,bb7cc47f-8c74-5de9-8036-ea0967d2449b,d2a421d9e55aabc0489d5745b056ae68,Steel - other,Steel,Metal,C2-C4,Other types of steel or associated components/materials that could not be classified with mat_type. | Embodied materials from Building 59 full_lca dataset; no operational energy/power exchanges. Source stage: C2-C4.
C2-C4,Wall coverings,,United States,0.0,kg,ecoinvent-3.12-cutoff,e8805cd5-58ea-5c2e-899d-2f437129752b,475c0bef26cb472c618b8f7be59aa64a,Wall coverings,Wall coverings,Wall coverings,C2-C4,"Various wall coverings. Primarily composed of textile and vinyl coverings, wallpaper, and miscelaneous trim | Embodied materials from Building 59 full_lca dataset; no operational energy/power exchanges. Source stage: C2-C4."
C2-C4,Aluminum framed window,,United States,0.0,kg,ecoinvent-3.12-cutoff,3c393b63-7f22-5b54-8dc1-5db997ca6d17,ae450266a237681f18ec5a4e35a5dd49,Aluminum framed window,Windows and frames,Window frame,C2-C4,Aluminum windows and frames. Various. Typically inclusive of hardware | Embodied materials from Building 59 full_lca dataset; no operational energy/power exchanges. Source stage: C2-C4.
C2-C4,Steel framed window,,United States,0.0,kg,ecoinvent-3.12-cutoff,78a88a59-713b-5b88-8c0d-85bb3ab851b4,9f0b0e654079fbac0e2c476547c62d6e,Steel framed window,Windows and frames,Opening hardware,C2-C4,Steel windows and frames. Various. Typically inclusive of hardware | Embodied materials from Building 59 full_lca dataset; no operational energy/power exchanges. Source stage: C2-C4.
C2-C4,Softwood framing,,United States,0.0,kg,ecoinvent-3.12-cutoff,20d9f7f8-26c3-5431-839c-e1d72e780cc3,800d9d5c9b202beac263c956ffe0ec3e,Softwood framing,Wood and composites,Wood,C2-C4,Dimensional softwood framing lumber. Excludes heavy timber  | Embodied materials from Building 59 full_lca dataset; no operational energy/power exchanges. Source stage: C2-C4.
C2-C4,Softwood plywood,,United States,0.0,kg,ecoinvent-3.12-cutoff,621ec885-9a3e-5ee4-b1bf-1473ca3dd074,10996c05033da28835d36bb60d005a08,Softwood plywood,Wood and composites,Wood,C2-C4,Various thicknesses of softwood plywood for interior or exterior applications. Typically exclusive of hardwood veneers. | Embodied materials from Building 59 full_lca dataset; no operational energy/power exchanges. Source stage: C2-C4.
C2-C4,Wood and composites - other,,United States,0.0,kg,ecoinvent-3.12-cutoff,1678df8c-d05f-540f-80e4-e0110e3a6c71,6d0ddf0ae3c8812e3edf2e2f9ff2d2de,Wood and composites - other,Wood and composites,Wood,C2-C4,Other types of wood and composites or associated components/materials that could not be confidently with mat_type | Embodied materials from Building 59 full_lca dataset; no operational energy/power exchanges. Source stage: C2-C4.
D,Acoustic ceiling tile fiber,,United States,0.0,kg,ecoinvent-3.12-cutoff,186c67bf-ceef-5ab8-9478-c68b3204823c,94d28cb7518244233ce4c524f4ed31b9,Acoustic ceiling tile fiber,Acoustic ceilings,Ceiling tile,D,"Fiber-based acoustic ceiling tiles. Various thicknesses, compositions, finishes, and NRC/CAC ratings | Embodied materials from Building 59 full_lca dataset; no operational energy/power exchanges. Source stage: D."
D,Suspension assembly,,United States,0.0,kg,ecoinvent-3.12-cutoff,7b971cc6-2bd9-5b72-af17-895a6532b8c7,d6418d3ed7ed3b7e7f5f809823204e52,Suspension assembly,Acoustic ceilings,Ceiling tile,D,"Steel suspension assemblies for acoustic ceiling tiles. Typically includes tracks, grids, and profile assemblies without associated hangers or hardware. Galvanized or ungalvanized and various finishes.  | Embodied materials from Building 59 full_lca dataset; no operational energy/power exchanges. Source stage: D."
D,Adhesives and sealants,,United States,0.0,kg,ecoinvent-3.12-cutoff,43b7cb0f-0d8e-5869-b696-0448205039a3,a4ec8071e006ee25b9f8e9082cb09dc3,Adhesives and sealants,Adhesives and sealants,Adhesive / Sealant,D,Various adhesives and sealants | Embodied materials from Building 59 full_lca dataset; no operational energy/power exchanges. Source stage: D.
D,Air and vapor barriers,,United States,0.0,kg,ecoinvent-3.12-cutoff,afa80f6f-aa5f-5873-a42f-fc09f558fa75,ec2c8a687ca0a75644b4b09569b99d87,Air and vapor barriers,Air and vapor barriers,Vapor barrier,D,Various air and vapor barriers | Embodied materials from Building 59 full_lca dataset; no operational energy/power exchanges. Source stage: D.
D,Extrusion,,United States,0.0,kg,ecoinvent-3.12-cutoff,62da57a2-78bb-56eb-b35f-462fe4e7f2bc,0f4a29836737c959f23373b5dc59d6d9,Extrusion,Aluminum,Metal,D,"Standard and/or thermally improved aluminum extrusions for various applications. Inclusive of finish where applicable (mill, painted, anodized, etc.). May include manufacturing inputs to storefront/curtain wall systems listed in Windows and frames.  | Embodied materials from Building 59 full_lca dataset; no operational energy/power exchanges. Source stage: D."
D,Roll formed metal panel steel,,United States,0.0,kg,ecoinvent-3.12-cutoff,9d035f20-93dc-5b2a-925d-d81e85267ae9,9f0b0e654079fbac0e2c476547c62d6e,Roll formed metal panel steel,Cladding,Metal,D,Roll-formed steel cladding panel such as standing seam or box rib; Various thickness and coatings | Embodied materials from Building 59 full_lca dataset; no operational energy/power exchanges. Source stage: D.
D,Stucco finish,,United States,0.0,kg,ecoinvent-3.12-cutoff,47d317a8-349f-5c5a-bd09-947a2025bd33,62b61f40fecd0b445617b16f24cd6be5,Stucco finish,Cladding,Wall coverings,D,Portland cement based or synthetic stucco. Excludes insulation for EIFS systems.  | Embodied materials from Building 59 full_lca dataset; no operational energy/power exchanges. Source stage: D.
D,Coatings - other,,United States,0.0,kg,ecoinvent-3.12-cutoff,5a46671e-3bc4-5d76-995f-f7bd7e05b238,1a837ee3849f066588a38aba19d15a60,Coatings - other,Coatings,Metal Coating,D,All other coatings for various surfaces and functions that could not be classified with a mat_type | Embodied materials from Building 59 full_lca dataset; no operational energy/power exchanges. Source stage: D.
D,Paint,,United States,0.0,kg,ecoinvent-3.12-cutoff,36060a53-7ae6-5902-b924-2c5c168a0d2f,b3252a77c4dce9e3f8fedbde431c7b81,Paint,Coatings,Coating,D,Interior and exterior paints for surface decoration and/or protection. Various applications and chemical compositions.   | Embodied materials from Building 59 full_lca dataset; no operational energy/power exchanges. Source stage: D.
D,GFRC general,,United States,0.0,kg,ecoinvent-3.12-cutoff,4994914a-3d5b-52d6-bf29-511bcd3cf754,f40a6d016d02c4406339fb51095c11d2,GFRC general,Concrete,Concrete,D,"General glass fiber reinforced concrete products. Various shapes, sizes, strengths, applications, and finishes. Excludes GFRC cladding panels which are reported separately.  | Embodied materials from Building 59 full_lca dataset; no operational energy/power exchanges. Source stage: D."
D,Precast,,United States,0.0,kg,ecoinvent-3.12-cutoff,1c52eb1a-2f89-5f5d-a666-bc0f6fe8e756,9d5f671f91d687a958b4a1943aa3d3b9,Precast,Concrete,Concrete,D,"Precast concrete products. Various strengths, mix designs, and applications. May contain reinforcing when LCA modeler selected an EPD that reflects multiple materials.  | Embodied materials from Building 59 full_lca dataset; no operational energy/power exchanges. Source stage: D."
D,Ready mix NW 3000,,United States,0.0,kg,ecoinvent-3.12-cutoff,eb0e4ae1-a193-5f49-ac61-64d40f4e285a,ff1cf2621f46e527d86a91f791410eff,Ready mix NW 3000,Concrete,Concrete,D,Normal weight ready mix concrete. 3000 PSI. Exclusive of reinforcing. | Embodied materials from Building 59 full_lca dataset; no operational energy/power exchanges. Source stage: D.
D,Aluminum door,,United States,0.0,kg,ecoinvent-3.12-cutoff,d84c2468-a024-5881-97a7-1db1fdd2319d,6f5cf8c1a9792d83c896986c05a1560d,Aluminum door,Doors and frames,Door,D,"Aluminum doors mainly for exterior applications of various sizes, cores, insulating properties, and finishes.  | Embodied materials from Building 59 full_lca dataset; no operational energy/power exchanges. Source stage: D."
D,Aluminum door frame,,United States,0.0,kg,ecoinvent-3.12-cutoff,8578ef2c-64cf-54af-8137-06a612e67fc9,6f5cf8c1a9792d83c896986c05a1560d,Aluminum door frame,Doors and frames,Door frame,D,Aluminum door frames. Various. | Embodied materials from Building 59 full_lca dataset; no operational energy/power exchanges. Source stage: D.
D,Doors and frames - other,,United States,0.0,kg,ecoinvent-3.12-cutoff,7db88aff-76ee-5408-9e89-2d9f9f378381,6075bf87888355533444f10c70614b2e,Doors and frames - other,Doors and frames,Glazing,D,"Other doors and frames or associated components/materials such as hardware, finishes, and specialties that could not be classified with mat_type  | Embodied materials from Building 59 full_lca dataset; no operational energy/power exchanges. Source stage: D."
D,Doors and frames - other,,United States,0.0,kg,ecoinvent-3.12-cutoff,b4a4dc86-54fb-5993-ae59-c6f287e71a37,6075bf87888355533444f10c70614b2e,Doors and frames - other,Doors and frames,Opening hardware,D,"Other doors and frames or associated components/materials such as hardware, finishes, and specialties that could not be classified with mat_type  | Embodied materials from Building 59 full_lca dataset; no operational energy/power exchanges. Source stage: D."
D,Steel door,,United States,0.0,kg,ecoinvent-3.12-cutoff,a7a1631a-2bd7-584d-9df3-95fbe57cbd43,9f0b0e654079fbac0e2c476547c62d6e,Steel door,Doors and frames,Door,D,"Steel doors, interior or exterior applications. Various sizes, cores, gauges, and finishes.  | Embodied materials from Building 59 full_lca dataset; no operational energy/power exchanges. Source stage: D."
D,Steel door frame,,United States,0.0,kg,ecoinvent-3.12-cutoff,5dfbb737-99cf-5088-a90d-fae7cd34ff98,9f0b0e654079fbac0e2c476547c62d6e,Steel door frame,Doors and frames,Door frame,D,Steel door frames. Various | Embodied materials from Building 59 full_lca dataset; no operational energy/power exchanges. Source stage: D.
D,Wood or composite door,,United States,0.0,kg,ecoinvent-3.12-cutoff,f53bee4d-5f90-55a7-b7a4-5051ab759200,b9788e7d42c3eb3c6a0cc42c9c8fab6a,Wood or composite door,Doors and frames,Door,D,"Wood or wood composite doors for interior or exterior applications. Various cores, species, and finishes.  | Embodied materials from Building 59 full_lca dataset; no operational energy/power exchanges. Source stage: D."
D,Glazing - other,,United States,0.0,kg,ecoinvent-3.12-cutoff,9f3a53c4-f135-5b3c-b13a-3d80189cbc76,3d664a5b7b62e92dee3835b2c8af38dd,Glazing - other,Glazing,Glazing,D,"Other types of glazing or associated components/materials that could not be classified with mat_type, including flat glass panes and processed glass such as coated, laminated, tempered, etc. (Excludes IGUs) | Embodied materials from Building 59 full_lca dataset; no operational energy/power exchanges. Source stage: D."
D,Insulated glass unit IGU,,United States,0.0,kg,ecoinvent-3.12-cutoff,25fca001-115a-5fee-89cc-8c5e10d07183,2b898e4b675d9ea79d9d7308e1bd7b80,Insulated glass unit IGU,Glazing,Glazing,D,"Includes multiple glass panes, spacer(s), desiccant, sealants, and any interlayer materials. Excludes window frames. | Embodied materials from Building 59 full_lca dataset; no operational energy/power exchanges. Source stage: D."
D,Glass mat gypsum board,,United States,0.0,kg,ecoinvent-3.12-cutoff,1958b220-b56e-531a-9aa0-1f71cfcf5662,a66d7df5b24e0c76c2fa4873be4c06b4,Glass mat gypsum board,Gypsum,Plaster,D,"Non-combustible gypsum core with glass-mat surface on each side. Includes various thicknesses, types, and applications. | Embodied materials from Building 59 full_lca dataset; no operational energy/power exchanges. Source stage: D."
D,Gypsum board,,United States,0.0,kg,ecoinvent-3.12-cutoff,4cea00aa-55ae-5bb0-9e14-ba315b56509a,1b3c38e902bbf524e6597f71aee4cda2,Gypsum board,Gypsum,Plaster,D,"standard gypsum board, excluding glass-mat products. Includes various thicknesses, types, and applications  | Embodied materials from Building 59 full_lca dataset; no operational energy/power exchanges. Source stage: D."
D,Extruded polystyrene XPS,,United States,0.0,kg,ecoinvent-3.12-cutoff,26307715-369e-55f6-a8bb-459dd7d860e8,065350adceb46205fbaa931c057ba534,Extruded polystyrene XPS,Insulation,Insulation,D,Extruded polystyrene closed-cell foam board insulation; conventional HFC- and/or lower-GWP blowing agent | Embodied materials from Building 59 full_lca dataset; no operational energy/power exchanges. Source stage: D.
D,Fiberglass blanket,,United States,0.0,kg,ecoinvent-3.12-cutoff,cf9afea8-057b-5aa8-b191-5875104c0280,9299ec7c27a6c841a110c7d61a48aa8f,Fiberglass blanket,Insulation,Insulation,D,Flexible insulating fiberglass batts or rolls. | Embodied materials from Building 59 full_lca dataset; no operational energy/power exchanges. Source stage: D.
D,Other,,United States,0.0,kg,ecoinvent-3.12-cutoff,5f616831-f1d5-571b-87b0-629bf1dd5543,1a837ee3849f066588a38aba19d15a60,Other,Other,Metal,D,All other products and materials that could not be otherwise classified and which represent less than 5% of the project's total mass and embodied carbon intensity.  | Embodied materials from Building 59 full_lca dataset; no operational energy/power exchanges. Source stage: D.
D,Fasteners,,United States,0.0,kg,ecoinvent-3.12-cutoff,ceeffd83-9bc6-5074-87de-3fd8e0c7cf1f,9df8c1cd1bb8ed544886078e8a063b65,Fasteners,Other metals,Metal,D,Various metalic fasteners | Embodied materials from Building 59 full_lca dataset; no operational energy/power exchanges. Source stage: D.
D,Roofing and waterproofing - other,,United States,0.0,kg,ecoinvent-3.12-cutoff,1322d1d0-214b-50ac-a9a3-2038a5853300,6075bf87888355533444f10c70614b2e,Roofing and waterproofing - other,Roofing and waterproofing,Vapor barrier,D,Other roofing and waterproofing or associated componentents/materials that could not be classified with mat_type | Embodied materials from Building 59 full_lca dataset; no operational energy/power exchanges. Source stage: D.
D,TPO,,United States,0.0,kg,ecoinvent-3.12-cutoff,85297d94-d9d4-5b51-add6-65806b958712,7c97486978bf8a18d3410a4387dde7fa,TPO,Roofing and waterproofing,Roofing membrane,D,"Thermoplastic polyolefin (TPO) single-ply roof membranes. Various sizes, thicknesses, reinforcings, backings, and performances.  | Embodied materials from Building 59 full_lca dataset; no operational energy/power exchanges. Source stage: D."
D,Cold formed steel framing,,United States,0.0,kg,ecoinvent-3.12-cutoff,e88b63c2-03e3-56d6-bf2b-7b1b49dbe573,d946184d3ac739a06d3569c72215c006,Cold formed steel framing,Steel,Metal,D,Cold-formed steel shapes for light framing such as studs and track. Galvanized or ungalvinzed. | Embodied materials from Building 59 full_lca dataset; no operational energy/power exchanges. Source stage: D.
D,Decking,,United States,0.0,kg,ecoinvent-3.12-cutoff,af2bbffe-4107-5053-a22e-912d30b010e7,2b05e130f9528f7bc801722ad81d580c,Decking,Steel,Metal,D,Steel decking for floors and roofs. Includes range of surface treatments (galvanized or uncoated steel to which paint may be applied) and thickness/gauge. | Embodied materials from Building 59 full_lca dataset; no operational energy/power exchanges. Source stage: D.
D,Hollow structural sections HSS,,United States,0.0,kg,ecoinvent-3.12-cutoff,02474db7-7091-56cc-b64b-41298b243c3e,2ee13f6617aecabf154337a5789fd1b5,Hollow structural sections HSS,Steel,Metal,D,Hollow structural sections. Fabricated or unfabricated. | Embodied materials from Building 59 full_lca dataset; no operational energy/power exchanges. Source stage: D.
D,Hot-rolled sections,,United States,0.0,kg,ecoinvent-3.12-cutoff,fdf2cc68-a9eb-5346-b63c-db0122f53d9c,3f8a3b1045a035181828b02f82b4e139,Hot-rolled sections,Steel,Metal,D,Embodied materials from Building 59 full_lca dataset; no operational energy/power exchanges. Source stage: D.
D,Plate,,United States,0.0,kg,ecoinvent-3.12-cutoff,7f67f2d4-a9d3-5c9a-be37-1fa01108fc09,23e9c18e787efa0cb9e54d1bae4381ce,Plate,Steel,Metal,D,"Flat steel products (generally thicker than 1/4"") for structural appliations. Fabricated or unfabricated. | Embodied materials from Building 59 full_lca dataset; no operational energy/power exchanges. Source stage: D."
D,Rebar and reinforcement,,United States,0.0,kg,ecoinvent-3.12-cutoff,4573da5c-a2cb-566b-abd3-a31c4c8a65f6,9f0b0e654079fbac0e2c476547c62d6e,Rebar and reinforcement,Steel,Metal,D,"Steel reinforcement bars, including plain carbon steel and low-alloy steel of multiple grades and sizes for concrete and masonry reinforcement applications. Fabricated or unfabricated. Also includes other steel wire and steel mesh products.   | Embodied materials from Building 59 full_lca dataset; no operational energy/power exchanges. Source stage: D."
D,Steel - other,,United States,0.0,kg,ecoinvent-3.12-cutoff,d99873d1-a4ea-5ea8-bb0d-959b82a143c1,d2a421d9e55aabc0489d5745b056ae68,Steel - other,Steel,Metal,D,Other types of steel or associated components/materials that could not be classified with mat_type. | Embodied materials from Building 59 full_lca dataset; no operational energy/power exchanges. Source stage: D.
D,Wall coverings,,United States,0.0,kg,ecoinvent-3.12-cutoff,46c7c4df-503c-5e9b-bd57-39026a046b5b,475c0bef26cb472c618b8f7be59aa64a,Wall coverings,Wall coverings,Wall coverings,D,"Various wall coverings. Primarily composed of textile and vinyl coverings, wallpaper, and miscelaneous trim | Embodied materials from Building 59 full_lca dataset; no operational energy/power exchanges. Source stage: D."
D,Aluminum framed window,,United States,0.0,kg,ecoinvent-3.12-cutoff,f469f2f6-81b8-58e8-bbb9-9b0d58bfc33c,ae450266a237681f18ec5a4e35a5dd49,Aluminum framed window,Windows and frames,Window frame,D,Aluminum windows and frames. Various. Typically inclusive of hardware | Embodied materials from Building 59 full_lca dataset; no operational energy/power exchanges. Source stage: D.
D,Steel framed window,,United States,0.0,kg,ecoinvent-3.12-cutoff,0739207a-b1c1-5160-88c8-f306539a554e,9f0b0e654079fbac0e2c476547c62d6e,Steel framed window,Windows and frames,Opening hardware,D,Steel windows and frames. Various. Typically inclusive of hardware | Embodied materials from Building 59 full_lca dataset; no operational energy/power exchanges. Source stage: D.
D,Softwood framing,,United States,0.0,kg,ecoinvent-3.12-cutoff,6015fe95-7690-5e84-ab13-2673ad15b4e8,800d9d5c9b202beac263c956ffe0ec3e,Softwood framing,Wood and composites,Wood,D,Dimensional softwood framing lumber. Excludes heavy timber  | Embodied materials from Building 59 full_lca dataset; no operational energy/power exchanges. Source stage: D.
D,Softwood plywood,,United States,0.0,kg,ecoinvent-3.12-cutoff,3714ca56-2de6-58d0-bc97-0d180b5c8dd5,10996c05033da28835d36bb60d005a08,Softwood plywood,Wood and composites,Wood,D,Various thicknesses of softwood plywood for interior or exterior applications. Typically exclusive of hardwood veneers. | Embodied materials from Building 59 full_lca dataset; no operational energy/power exchanges. Source stage: D.
D,Wood and composites - other,,United States,0.0,kg,ecoinvent-3.12-cutoff,af66298a-14b7-5ec9-afe7-cbaf45e6bb00,6d0ddf0ae3c8812e3edf2e2f9ff2d2de,Wood and composites - other,Wood and composites,Wood,D,Other types of wood and composites or associated components/materials that could not be confidently with mat_type | Embodied materials from Building 59 full_lca dataset; no operational energy/power exchanges. Source stage: D.
